{
  "crop_label": {
    "vci_mean": 0.428349,
    "ndvi_max": 0.384644,
    "advisory_3_frac": 0.205072,
    "ndvi_median": 0.201032,
    "ndwi_anomaly_min": 0.185705,
    "ndvi_mean": 0.177245,
    "vv_db_mean": 0.154056,
    "etc_8day_sum": 0.149688,
    "ndvi_amplitude": 0.147814,
    "ndwi_anomaly_mean": 0.141426,
    "soc_g_kg": 0.115871,
    "ndmi_std": 0.113492,
    "ndwi_std": 0.107782,
    "vh_vv_ratio_mean": 0.107322,
    "silt_pct": 0.1023,
    "vv_db_std": 0.101023,
    "water_deficit_max": 0.099363,
    "csi_min": 0.096112,
    "ndvi_min": 0.084657,
    "cec_cmol_kg": 0.083962,
    "aspect_deg": 0.083451,
    "elevation_m": 0.082617,
    "ndvi_peak_day": 0.082515,
    "ph_water": 0.082303,
    "sand_pct": 0.081374,
    "glcm_homogeneity": 0.074327,
    "rvi_max": 0.073806,
    "ndvi_std": 0.072187,
    "nitrogen_g_kg": 0.064581,
    "sar_moisture_proxy_min": 0.06263,
    "vh_db_std": 0.062067,
    "sar_moisture_proxy_mean": 0.061998,
    "ndwi_min": 0.057887,
    "twi": 0.053278,
    "green_up_rate": 0.052225,
    "clay_pct": 0.050116,
    "vh_vv_ratio_std": 0.048816,
    "bulk_density": 0.048715,
    "glcm_energy": 0.047021,
    "senescence_rate": 0.044711,
    "glcm_correlation": 0.042259,
    "glcm_contrast": 0.039915,
    "awc_mm_m": 0.038719,
    "temp_min_min": 0.038471,
    "evi_std": 0.037716,
    "slope_deg": 0.032525,
    "temp_max_max": 0.027178,
    "glcm_dissimilarity": 0.026837,
    "advisory_0_frac": 0.025736,
    "advisory_2_frac": 0.023509,
    "precip_8day_max": 0.021021,
    "wind_mean_mean": 0.020679,
    "advisory_1_frac": 0.019315,
    "solar_rad_mean": 0.018553,
    "temp_roll_16d_std": 0.017355,
    "temp_mean_mean": 0.013112,
    "temp_range_mean": 0.008215,
    "vci_min": 0.0
  },
  "stress_flag": {
    "evi_std": 1.028988,
    "ndvi_amplitude": 0.372436,
    "vci_mean": 0.370904,
    "senescence_rate": 0.353434,
    "ndvi_std": 0.333321,
    "awc_mm_m": 0.327312,
    "ndwi_anomaly_mean": 0.28909,
    "ndwi_std": 0.244671,
    "green_up_rate": 0.243318,
    "clay_pct": 0.235346,
    "ndmi_std": 0.228329,
    "aspect_deg": 0.223588,
    "sar_moisture_proxy_mean": 0.22336,
    "ndvi_median": 0.214446,
    "ndvi_min": 0.207454,
    "ph_water": 0.197831,
    "csi_min": 0.196657,
    "cec_cmol_kg": 0.187783,
    "etc_8day_sum": 0.177517,
    "soc_g_kg": 0.17408,
    "ndvi_max": 0.15989,
    "ndwi_anomaly_min": 0.159602,
    "glcm_energy": 0.158633,
    "vh_db_std": 0.154298,
    "ndvi_mean": 0.142094,
    "silt_pct": 0.132038,
    "vh_vv_ratio_std": 0.121857,
    "vv_db_mean": 0.120693,
    "glcm_contrast": 0.118845,
    "bulk_density": 0.11768,
    "vv_db_std": 0.114757,
    "ndwi_min": 0.106119,
    "sand_pct": 0.10259,
    "water_deficit_max": 0.092923,
    "slope_deg": 0.088693,
    "nitrogen_g_kg": 0.086516,
    "temp_max_max": 0.074216,
    "twi": 0.071016,
    "glcm_correlation": 0.070872,
    "vh_vv_ratio_mean": 0.067946,
    "elevation_m": 0.066694,
    "glcm_homogeneity": 0.06118,
    "sar_moisture_proxy_min": 0.058427,
    "rvi_max": 0.057858,
    "glcm_dissimilarity": 0.036572,
    "ndvi_peak_day": 0.028334,
    "solar_rad_mean": 0.024123,
    "advisory_1_frac": 0.02274,
    "temp_min_min": 0.022015,
    "temp_mean_mean": 0.02121,
    "temp_range_mean": 0.017245,
    "advisory_2_frac": 0.016023,
    "wind_mean_mean": 0.015989,
    "temp_roll_16d_std": 0.015855,
    "advisory_0_frac": 0.014089,
    "advisory_3_frac": 0.01215,
    "precip_8day_max": 0.004877,
    "vci_min": 0.0
  },
  "advisory_class": {
    "advisory_2_frac": 0.770148,
    "advisory_0_frac": 0.520895,
    "etc_8day_sum": 0.23961,
    "temp_range_mean": 0.207272,
    "ndwi_anomaly_mean": 0.148935,
    "advisory_1_frac": 0.112156,
    "bulk_density": 0.110547,
    "rvi_max": 0.099531,
    "temp_min_min": 0.0912,
    "evi_std": 0.055351,
    "green_up_rate": 0.055214,
    "precip_8day_max": 0.053444,
    "vh_vv_ratio_mean": 0.049751,
    "elevation_m": 0.040055,
    "soc_g_kg": 0.038238,
    "ndvi_min": 0.03583,
    "glcm_homogeneity": 0.030964,
    "wind_mean_mean": 0.030629,
    "slope_deg": 0.021775,
    "ndvi_std": 0.019017,
    "ndwi_min": 0.017774,
    "ndwi_anomaly_min": 0.016919,
    "senescence_rate": 0.015908,
    "temp_mean_mean": 0.015791,
    "vh_vv_ratio_std": 0.015762,
    "glcm_correlation": 0.015438,
    "csi_min": 0.015073,
    "sar_moisture_proxy_mean": 0.013621,
    "ph_water": 0.01325,
    "ndvi_amplitude": 0.012974,
    "aspect_deg": 0.011592,
    "sand_pct": 0.011293,
    "ndvi_median": 0.010852,
    "awc_mm_m": 0.010784,
    "vv_db_std": 0.010224,
    "glcm_contrast": 0.010063,
    "vv_db_mean": 0.009757,
    "glcm_energy": 0.009547,
    "clay_pct": 0.008657,
    "temp_roll_16d_std": 0.007681,
    "ndvi_max": 0.007606,
    "vci_mean": 0.007579,
    "glcm_dissimilarity": 0.007229,
    "ndwi_std": 0.005873,
    "silt_pct": 0.005043,
    "twi": 0.003424,
    "nitrogen_g_kg": 0.003182,
    "temp_max_max": 0.00307,
    "ndvi_peak_day": 0.00253,
    "ndmi_std": 0.002105,
    "sar_moisture_proxy_min": 0.001985,
    "water_deficit_max": 0.001756,
    "vh_db_std": 0.001317,
    "ndvi_mean": 0.0,
    "vci_min": 0.0,
    "solar_rad_mean": 0.0,
    "advisory_3_frac": 0.0,
    "cec_cmol_kg": 0.0
  }
}